epoch_ms,acc_x,acc_y,acc_z,gyro_x,gyro_y,gyro_z,participant,label,category
1789155843400,-9.150938604846596,-2.9462141959041355,0.5657797798156738,3.330327241651463,2.8157454853377564,-9.368423215599243,user,row,heavy
1789155843416,-8.982595131573081,-3.0446754469171164,0.8981248977661133,-0.8607126915615037,3.480799724161429,-8.034407869746651,user,row,heavy
1789155843434,-8.629899299511314,-3.0511098638787866,1.4478925771966575,-3.75761832659876,-7.064854406213702,-0.2911590915278754,user,row,heavy
1789155843450,-7.88440475758016,-2.222715797203779,0.6470320488091558,12.072087004204382,-20.144664532354003,5.9649344026531885,user,row,heavy
1789155843467,-8.577525553673505,-2.3659192762628196,0.6177040283203125,16.166431095563834,-16.70026502071369,6.7952348231615645,user,row,heavy
1789155843484,-8.234256890648602,-2.658161516405642,0.9180266260009259,10.522964241952348,-6.791741608287926,13.444773173590294,user,row,heavy
1789155843500,-8.406340719494223,-2.7687437055841086,0.7888888624995947,10.261016241998604,-3.4018034637683536,16.980080795536185,user,row,heavy
1789155843517,-8.584408883446455,-2.919278842705488,0.4173386192988604,18.472320034833064,-5.615991137014639,17.984277405426266,user,row,heavy
1789155843533,-8.926931112018227,-3.2237919508785007,0.30959990991801023,29.703994096576043,-11.743106673962489,15.634096396936794,user,row,heavy
1789155843550,-8.717286491063236,-3.316865955895185,0.8860035212092101,31.010674171596598,-14.343969285369766,13.45085801836713,user,row,heavy
1789155843567,-8.54909382443726,-3.265091637255251,1.1626831583000719,24.7222009650359,-12.424426581407722,12.26742785314581,user,row,heavy
1789155843584,-8.137442530059815,-3.0066677878230808,1.298854546765238,15.17988369448907,-7.896248510762926,12.164425185367431,user,row,heavy
1789155843600,-7.586324897325039,-2.6541207165822387,0.7532745282828808,13.658680184243108,-6.429854280398556,14.667383865211747,user,row,heavy
1789155843617,-7.436089912194013,-2.4504642301261423,0.47569699250422415,20.010166154765407,-8.994429377406025,18.118053490510135,user,row,heavy
1789155843634,-7.02294224177897,-2.3446710287898775,-0.23463212802149355,40.54341551692707,-19.93356387567642,23.84598331717164,user,row,heavy
1789155843650,-6.87001085717082,-1.9940699770502746,-0.3449145305357873,55.561136860141694,-25.337771763983298,28.311226317256647,user,row,heavy
1789155843667,-6.57567544414103,-1.796698123821616,-0.09921090033650398,64.36319481334796,-28.479590480297464,34.47928670384461,user,row,heavy
1789155843684,-6.2979486360847945,-1.2167027716487646,0.5063739433839917,70.22270481927518,-29.281024386939247,43.10048466292352,user,row,heavy
1789155843700,-6.479307658275961,-1.0640721235528587,0.668730597332865,76.683934000513,-33.66783973987958,45.90958095910427,user,row,heavy
1789155843717,-6.681317838829756,-1.0411774240471423,0.8438051324270666,78.71902984485332,-37.808160395863325,46.915179465321486,user,row,heavy
1789155843734,-6.920889396014809,-1.0610798098690808,1.7094592546992002,64.17951736618798,-34.98758255168779,49.63747088734055,user,row,heavy
1789155843750,-7.558793331798911,-1.1870743799738586,1.9548644864737987,49.916398737570944,-30.89321540843989,50.54040823523789,user,row,heavy
1789155843767,-8.065015591752529,-1.386092100713402,1.5484489007927476,42.28772288754327,-25.14400954251379,47.80523849153877,user,row,heavy
1789155843784,-8.998905045861004,-1.6766885464105754,0.7134720947265625,44.3155719011742,-23.687439258610013,36.10539423577915,user,row,heavy
1789155843799,-9.103051649034022,-1.5480001341119407,0.60184200393036,47.559358511607485,-23.403305096684775,27.44688466081175,user,row,heavy
1789155843817,-9.035715311864019,-1.3426974878840148,0.7517784445062279,49.72809042215369,-22.06440701934927,21.702010842366736,user,row,heavy
1789155843834,-9.19986893223226,-0.8119330534785986,1.1882714808039367,52.038231154181254,-22.858324302809457,19.485011692503342,user,row,heavy
1789155843850,-9.209297854834794,-0.49754437491409476,1.9217957450866698,47.37763791364471,-22.638187305859947,21.022958557725943,user,row,heavy
1789155843867,-9.614663785332441,-0.6733684862665832,1.9759639731258152,38.45478806496678,-16.60219204196877,18.013368888648642,user,row,heavy
1789155843884,-10.239999331444501,-0.7903849828088656,2.225110583385825,26.61119564793506,-9.535225826641064,13.131427146358558,user,row,heavy
1789155843900,-9.933843132239579,-0.5692208236476406,2.023848298589885,18.259749179936634,-4.260955883991333,10.970848774134057,user,row,heavy
1789155843917,-10.18238943851888,-0.4318535033961758,1.5120876937314867,25.231092746884162,-3.0481110822225292,8.446480866336337,user,row,heavy
1789155843934,-10.572643724602461,-0.10459588131047785,1.6880609312310815,32.17147165122943,-2.7616636206027727,7.1674724489644435,user,row,heavy
1789155843950,-10.653298393028974,-0.03127345546819269,2.5035849949389695,34.645270545959676,-2.8189326223592137,10.145557016721417,user,row,heavy
1789155843967,-11.03936282620728,-0.14065858034919945,2.9486078130424023,28.83780658150795,-0.8930088141650858,7.293498830661287,user,row,heavy
1789155843984,-12.06767127020061,0.1357220007298514,3.471292255236208,18.038659371597905,3.7524888545320803,0.46072763569885977,user,row,heavy
1789155844000,-12.1944160741508,1.121983520175703,3.886686827795207,1.2591264837499274,5.306606192614686,-5.005887477611012,user,row,heavy
1789155844017,-11.846508645409346,1.5860096563694999,3.4998724530324337,0.6263292006638155,3.9911915863061553,-0.0006384359244110747,user,row,heavy
1789155844033,-12.802243436101078,2.320730400427803,2.78355812061727,9.096054908292999,-3.3853644790966024,3.452830953283873,user,row,heavy
1789155844050,-14.278570372882484,2.7483947815710676,3.362955799157917,10.206069077673144,-5.461550741483719,7.217594938414935,user,row,heavy
1789155844067,-14.794220386394857,2.806903029842209,3.5625709012687206,7.219100141353277,2.001599315990107,9.169117441844625,user,row,heavy
1789155844084,-15.215001328167318,2.562245127569884,4.1412203917905686,3.525419429018418,-0.3971891072537286,11.456089318433857,user,row,heavy
1789155844100,-16.432303819274903,2.19742894186452,4.365078539276123,-3.1111091185887303,-4.211013113893376,10.463731987696352,user,row,heavy
1789155844117,-16.933289932140706,1.7081139958363956,4.399345258276164,-9.936639459257298,-8.470810000159922,3.6775685095262105,user,row,heavy
1789155844134,-17.795950717815757,1.1673237506475298,4.474612388445436,-17.873001671015707,-12.592255428372336,-6.670553988731213,user,row,heavy
1789155844151,-17.861043075451253,0.9376300654089078,4.182071457616985,-29.923010942501673,-15.626578066207902,-22.54181675176565,user,row,heavy
1789155844167,-17.360955957251786,0.8863043673193082,4.139125173076987,-46.161942788557894,-14.970174688854875,-32.96465810444843,user,row,heavy
1789155844184,-15.76866046207845,1.1035781314458697,3.121140262438357,-57.266116001516956,-12.986768862379567,-40.470151492794926,user,row,heavy
1789155844200,-14.067880626788735,1.9776112288761882,1.7004817291259764,-45.04479704791061,-18.487839932174623,-38.88100552955391,user,row,heavy
1789155844216,-13.303082833972573,2.176329966669157,1.3762161649957299,-29.48652087340284,-23.627335301461194,-30.32332832975612,user,row,heavy
1789155844234,-12.236615047454833,1.49622691145055,1.707065783691406,-18.83663378742508,-33.08225347138854,-25.182171516953943,user,row,heavy
1789155844250,-11.49800325077474,0.41255160421803594,1.3420984990775584,-10.982718789137893,-37.57753222834868,-21.187137522352835,user,row,heavy
1789155844267,-11.075874986046552,-0.1322788380060345,1.1646280087575316,-15.361086905622214,-31.47444060114588,-21.34716543951165,user,row,heavy
1789155844284,-10.613942534196376,-1.0700576277032494,0.6287757496938109,-18.275663520702764,-25.472855830293224,-25.95043290234427,user,row,heavy
1789155844300,-9.156624249267578,-1.1635813492488116,0.24809827025085687,-15.672548654416673,-19.147286158802892,-19.544101366560415,user,row,heavy
1789155844317,-8.655635798314213,-1.2728165807977319,0.3555383620113134,-10.45589007675553,-21.307183219657684,-12.638721205295933,user,row,heavy
1789155844334,-8.767116982159019,-1.5050542879633604,0.9256579245969653,-3.274896627998813,-25.36872105865992,-9.944637610775382,user,row,heavy
1789155844350,-8.687809052166342,-1.8257275266900657,1.3652932044431567,1.7599379383666531,-32.70428787819296,-8.552034609769715,user,row,heavy
1789155844367,-8.570044258007407,-2.514659200530499,2.402880348913371,-1.1407212057846423,-46.543289325392635,-13.902581116862386,user,row,heavy
1789155844384,-7.728480620896816,-2.538451287267357,2.980480622643232,-12.8624329525023,-46.13310231478752,-13.607864430591858,user,row,heavy
1789155844400,-7.388205878990888,-2.382528904149681,3.0042724171191453,-28.571615326532335,-34.27899140643398,-11.835708671182228,user,row,heavy
1789155844417,-6.399700453075766,-2.0355195932917294,2.4738085730955004,-41.792339512325995,-18.42724249385827,-1.3211831279494302,user,row,heavy
1789155844433,-5.856514197862148,-2.098067673271894,2.171988357268274,-42.704224408036055,-15.225695480799637,5.973713330170771,user,row,heavy
1789155844449,-5.772718893322348,-2.170343074279278,1.8870786519706249,-35.35639910649014,-14.280856629891556,12.843067658658022,user,row,heavy
1789155844467,-5.888688036236166,-2.457198360686749,1.874360916955769,-23.238245037654956,-18.236859508480627,16.099546468116483,user,row,heavy
1789155844484,-6.0613704154968255,-2.3181853190548716,2.700809694781899,-19.959366622813437,-21.06921259878527,17.2875895723485,user,row,heavy
1789155844500,-5.878662901306152,-2.4009346216730774,3.2945711219787595,-26.083100789235306,-18.61505049791882,20.77610015319605,user,row,heavy
1789155844517,-5.44665738568604,-2.476351681707054,4.245068888799846,-40.470366643753785,-13.799828604762359,26.895623507994607,user,row,heavy
1789155844534,-5.43962500283122,-2.675818753649294,4.646995200237631,-48.072831642841535,-13.05638129662669,28.978341138775548,user,row,heavy
1789155844550,-5.603627232030034,-2.8501467081598935,4.468327901348472,-48.83300437670727,-13.196593127456003,28.680459513598368,user,row,heavy
1789155844567,-6.119877549523115,-2.9544439718499778,4.208706658825278,-45.96545873670414,-12.698713318097095,23.06117579851696,user,row,heavy
1789155844584,-5.986250000321864,-2.7878973188653586,4.454261674334108,-45.21203422973837,-13.482487770639812,17.885415539832206,user,row,heavy
1789155844600,-5.528658792546391,-2.581547063280642,4.492868176104128,-46.014950287430054,-10.065419260963303,18.046198192894305,user,row,heavy
1789155844617,-4.921431150054931,-2.297984096416831,4.422389449255168,-48.72285391596248,-2.311932802911045,19.40136407328549,user,row,heavy
1789155844634,-4.895993341937661,-2.4765019038327036,4.261679539600014,-44.68643751272755,-1.5371659825013984,16.223183137377468,user,row,heavy
1789155844650,-4.59761362195313,-2.531268974547833,4.173540360637009,-37.58978558771968,-0.8099446958735923,12.079784627398988,user,row,heavy
1789155844667,-3.772214937701821,-2.8811218382686374,3.9003050187811255,-19.57441716119152,-0.037076434599477896,9.018749973493147,user,row,heavy
1789155844684,-3.0181922214001413,-3.2136167399533093,3.9055414581298824,-6.0257785815533085,2.9927208093746644,10.723876817709213,user,row,heavy
1789155844700,-2.896382535764575,-3.3969222200371325,4.015972548399866,4.330117098866412,9.68357753541374,12.159561236904736,user,row,heavy
1789155844717,-3.2984622841984033,-3.1498711207516488,4.4433392983034254,13.883376332463602,14.25441611384079,8.971582394632332,user,row,heavy
1789155844734,-4.5027451347351075,-2.906111318096518,4.780322889709472,23.320564185079242,8.875818019826877,0.7100290601566492,user,row,heavy
1789155844750,-4.492718830761313,-2.626438490539044,5.036501882824301,28.523681058937186,-2.186632982587161,-2.1051590710726638,user,row,heavy
1789155844767,-4.83972726483643,-2.407368892504275,5.500528092083335,25.888727265835083,-6.669800533488396,-5.9068449244227,user,row,heavy
1789155844784,-5.271880664494633,-2.5113668809868392,5.076453953984379,18.17401493792734,5.210599346093695,-9.632875333657443,user,row,heavy
1789155844800,-5.233575191497803,-2.634818342480063,5.122393575121462,9.101338059616003,13.658871429539868,-10.175387014147802,user,row,heavy
1789155844817,-5.945700547790527,-2.269253676494956,4.694130753161013,10.73772588002506,10.725814030112558,-7.557419047737873,user,row,heavy
1789155844834,-7.050626367518305,-2.065447260174155,3.7045781562805176,25.659103136128426,-1.5304144472285464,-4.955829874957634,user,row,heavy
1789155844850,-7.508216990771889,-2.243665646252036,3.764133922576904,39.9558314181038,-14.895647079726281,-4.77557606011912,user,row,heavy
1789155844867,-8.218845971027017,-2.9032680574946106,4.147205895940959,44.165748286635385,-18.406389926322223,-8.906437757876043,user,row,heavy
1789155844884,-8.406938685387372,-3.2592558437738566,4.5009488989681,36.52123322792245,-14.941574979252739,-12.033493020299225,user,row,heavy
1789155844900,-8.630347627800703,-3.012952347985282,4.481944046507776,29.03169857657169,-13.047058942183268,-13.100616163012631,user,row,heavy
1789155844917,-8.430432373699546,-2.5418932444147764,3.6064158882141113,27.808777111343,-14.044351084596109,-10.158285074239735,user,row,heavy
1789155844934,-8.513631465911864,-2.4411872101496903,3.686471713964641,24.847973775959804,-16.553352774308593,-5.902026652850079,user,row,heavy
1789155844950,-8.40170136925578,-2.454355027019605,3.5438664930596944,24.960221104779794,-11.495877731670122,0.10485554335372836,user,row,heavy
1789155844967,-9.358932535985112,-2.5670321426507083,3.1681258854970333,28.324278808760543,-6.54829701768257,0.4906508011743914,user,row,heavy
1789155844984,-9.949851433232427,-2.584689526024833,3.592797697228193,28.757756764435403,-7.297744647004096,-5.20162746573206,user,row,heavy
1789155845000,-9.960776147350668,-2.568528810949251,3.947738093346357,23.09717260299022,-11.786895870505086,-8.282972114021756,user,row,heavy
1789155845017,-9.798120072063803,-2.5558095415644346,3.679737145012617,17.649229305880457,-10.586940916360566,-7.452890686453643,user,row,heavy
1789155845034,-10.194061756134033,-1.8742103295039385,2.7612612408742305,15.495061066192015,5.080398865040327,-4.7313668069425665,user,row,heavy
1789155845050,-10.46370930263102,-1.8948603918880222,2.41649737085551,19.686473244714747,12.78639672534078,-5.5629807582057005,user,row,heavy
1789155845067,-10.696394022911786,-1.9982598299555479,2.669085061480105,25.57988830968191,7.134353288565874,-9.55221592220147,user,row,heavy
1789155845084,-10.205432460454105,-1.8145048525385556,2.677764334759116,30.271210571294336,-2.207392275352357,-13.528105750332681,user,row,heavy
1789155845100,-10.037390600475668,-1.4700390886835752,2.5933681417167187,30.522049268563055,4.292058431037455,-13.198942712530489,user,row,heavy
1789155845117,-9.683198976898193,-0.9051572806209325,2.354696748241782,34.22890904434487,16.438754152866828,-11.150951471037185,user,row,heavy
1789155845134,-9.247751796391606,-0.562187673607841,3.121887865935266,43.80342041154455,15.434868316583986,-8.904542380381365,user,row,heavy
1789155845150,-8.905082852825522,-0.5150517553582787,3.7527611724302172,48.352500568596874,-0.3644883759831025,-5.296426222543606,user,row,heavy
1789155845167,-9.13582520686686,-0.5439321782100945,4.120270835003256,49.197121761360656,-6.619757871873828,-1.5180831810123232,user,row,heavy
1789155845184,-9.975738154160975,-1.083225809899345,4.351010558696091,39.991833345218936,0.24792575498984007,-3.72310324628857,user,row,heavy
1789155845200,-9.978283746990561,-1.0672145862970501,4.6748263332322235,22.699244074397985,10.360398055743229,-7.204334979915002,user,row,heavy
1789155845217,-9.342623206219077,-0.571315640502423,4.854243573705852,5.609357315783264,14.610881125302816,-9.863342137952952,user,row,heavy
1789155845234,-8.07040429905355,0.43080739187672734,4.147504586626589,-5.1482196552907915,9.423108271415304,-5.445940344135654,user,row,heavy
1789155845250,-7.742699115863442,0.7866455405522137,3.4129335897699,3.41807788356979,5.924171833686553,6.18723059315407,user,row,heavy
1789155845267,-8.468589962658285,0.8429092795658856,2.2183763066947457,23.066754355521567,3.0456765466702427,11.137875073871195,user,row,heavy
1789155845284,-9.11562471488118,0.4999398186832666,2.591572782732546,47.02236903906108,-5.687914736522165,10.728535006723162,user,row,heavy
1789155845300,-9.16186214992106,0.42976000171564516,3.117998457281291,48.44433587708228,-6.37431630470989,12.074482693055765,user,row,heavy
1789155845317,-9.721507372504472,0.026935353198647496,3.8772608278021212,40.931568337269724,-1.432909334680089,10.241879759491521,user,row,heavy
1789155845334,-9.594461539781094,0.2686003389989957,3.963898370030522,31.093968328524902,6.918078336705182,10.860647086970486,user,row,heavy
1789155845350,-9.397090124943851,0.5369005625402554,3.924394334898889,27.52108783595477,13.388261895944902,14.587887293461968,user,row,heavy
1789155845367,-9.05936097586751,0.9971857221074402,3.970335125079751,28.55723094814029,10.601438846647564,18.673726945531104,user,row,heavy
1789155845384,-9.401581591144204,0.9516958174992353,3.9356180319637057,29.877221354305906,4.363889822991187,17.457022659994422,user,row,heavy
1789155845400,-9.805900642937422,0.7568676939366384,3.914817820519209,23.235297811028094,3.6607846003013735,14.277516667387419,user,row,heavy
1789155845417,-9.529519404271245,0.6274312945486046,3.9704835936397314,11.149354060545049,8.138549471569128,13.811400652763654,user,row,heavy
1789155845434,-9.400981287163496,0.7200568160122726,3.9098800718560813,0.23293815883629002,15.05468291190815,14.356781012705417,user,row,heavy
1789155845450,-9.332446680119633,1.351377957606269,3.1325118435412644,-3.3104535256008414,22.989040463145162,15.332323271479998,user,row,heavy
1789155845467,-8.7790879904598,1.62775853868532,3.1830905226558444,-1.338228825518549,21.988795117689936,19.13636810141463,user,row,heavy
1789155845484,-8.477717856487631,1.7368443919264456,3.5745422018304467,-2.595720759622728,17.179331074003798,25.261978862310958,user,row,heavy
1789155845500,-8.719980552452801,1.3177094967603218,4.0936350492730735,-11.554563570792517,19.98933749289145,28.650758435992568,user,row,heavy
1789155845517,-9.403524541905522,0.6136643792743794,3.781640645433962,-18.561020286489434,25.395355381328383,26.82807122955589,user,row,heavy
1789155845534,-9.756969731029868,0.2846112703403458,3.324048268614709,-19.7237694926776,27.315898708003832,19.702693236446233,user,row,heavy
1789155845550,-10.166379383960365,0.17582496986901386,2.4993960188165305,-13.87759372355754,29.935353094331884,11.168835467605216,user,row,heavy
1789155845567,-10.68786526401937,1.1017824984670617,1.9506755103513598,0.4243901755407457,28.535685116403485,8.35397363799133,user,row,heavy
1789155845583,-10.93042723519206,1.4722851871099323,2.0584134160146115,18.987377769954556,19.78138213832666,5.317673233504223,user,row,heavy
1789155845600,-11.263370903557538,1.5716444098759441,3.346044996367395,26.649769141272706,8.985911277737372,0.8666930557883787,user,row,heavy
1789155845617,-11.845163076019286,1.9943707318288273,4.909160574285686,18.048718532698043,10.905662302469102,0.6600306346891278,user,row,heavy
1789155845634,-12.531102436175942,2.36083309557233,5.5602337882444255,4.980459110217877,9.98710601948723,0.9254931938576665,user,row,heavy
1789155845650,-13.95595111465454,2.884864276199974,6.00824789711833,-10.857278949936024,12.04457073335934,-1.6703929844090224,user,row,heavy
1789155845667,-14.815768785858154,3.2436948298907837,5.591507755169272,-14.902262117937438,10.208038733475046,-2.073148962640576,user,row,heavy
1789155845684,-15.217993495720624,3.368492847154755,5.452644058880209,-13.31974229196498,8.975097380733951,-3.5917488901522927,user,row,heavy
1789155845700,-15.247921016472578,3.1872813802081157,5.542576551000773,-9.744440497334077,-5.331941925567203,-4.84385916879903,user,row,heavy
1789155845717,-15.981893462914227,2.7235545922870745,5.458629855291545,-10.172870943212297,-9.573473178445843,-10.901559066325216,user,row,heavy
1789155845734,-16.06240024730265,2.457049983458314,5.4421700111389155,-13.3246805187349,-10.286073644742443,-19.320107020277142,user,row,heavy
1789155845750,-15.40638606981039,2.3894139052899086,5.4595268041312695,-18.05160428762237,-15.23826302887246,-25.546541618606614,user,row,heavy
1789155845767,-14.167539270892739,2.333449493999395,4.910057815386355,-21.545968340588622,-18.66977226600167,-24.50834091193363,user,row,heavy
1789155845784,-14.075961057391762,2.3108541815823407,4.449024358202517,-18.30954979672249,-25.301378808538175,-23.749979885745237,user,row,heavy
1789155845800,-13.520505103191732,1.8691241305471398,3.10004077578634,-7.74920392944266,-28.309805637909285,-22.76414111679686,user,row,heavy
1789155845817,-12.448351672253011,1.4639052803699857,2.971054914911091,-7.328881771882892,-23.986217346115758,-19.1969382189743,user,row,heavy
1789155845834,-12.03505144162476,1.0492596447484568,2.942771946495771,-9.757523724689237,-23.595938629393938,-20.4062590700182,user,row,heavy
1789155845850,-11.722758347100019,0.3268092207310721,2.4332559056937693,-5.222556019122625,-26.490151035464095,-24.32097003997996,user,row,heavy
1789155845867,-10.25212173091471,0.09711542589459568,2.5938182235717773,-0.47520801026525705,-35.052114178966065,-23.680728597750477,user,row,heavy
1789155845884,-9.548973461803794,-0.13497227834109216,2.7316338721126314,3.5557215632711796,-43.88669407790535,-18.451175476709995,user,row,heavy
1789155845900,-8.947131019482017,-0.51819421810247,2.996641191588342,-6.093136199600682,-41.65468046469897,-16.24632894092735,user,row,heavy
1789155845917,-8.529939626634121,-1.1390407091669739,2.684496565623581,-17.774414720535745,-34.13429726396185,-19.139658545047283,user,row,heavy
1789155845934,-7.906850398144125,-1.295711134172976,2.5320170164361593,-24.93215244238563,-27.982981086124177,-18.65294438743405,user,row,heavy
1789155845950,-6.975655005425215,-1.0788862463250755,2.7799662336051463,-28.121995926301445,-28.421504844048382,-13.758102979122752,user,row,heavy
1789155845967,-6.543651827892661,-1.2617434711847453,2.7855028249442575,-26.30407960700002,-34.12639473509214,-9.808597317981654,user,row,heavy
1789155845984,-6.708851742443442,-1.6228191551875322,2.88935102969259,-24.25549584659622,-43.12479330617959,-8.216616826235082,user,row,heavy
1789155846000,-6.380695892876386,-1.8064244219355283,3.3523303602471946,-29.066935522499783,-44.92143358621642,-3.824826961144862,user,row,heavy
1789155846017,-6.380097926983237,-1.9434923939142374,3.485656880675256,-44.301453900159785,-36.216914149452535,3.8451378093023645,user,row,heavy
1789155846034,-6.691195674243569,-1.864932798070833,3.3897391766652465,-55.63997431863657,-27.154916271908508,5.956966986986369,user,row,heavy
1789155846050,-7.01081867326498,-1.833508462889865,2.8425141674548384,-61.22072039887347,-21.38235286656826,5.91445460893174,user,row,heavy
1789155846067,-6.77993018875122,-1.69359796096161,2.349010519298911,-62.75272499951816,-16.702051115181646,9.45000641014046,user,row,heavy
1789155846084,-6.899490634155273,-1.821837314318493,1.856553749847412,-58.123926289568026,-10.40809070539649,9.404550647440379,user,row,heavy
1789155846100,-6.928817266404629,-2.077717105291039,1.8959061015486716,-55.4323775490032,-4.690724193173229,6.992967945859787,user,row,heavy
1789155846117,-5.920860121044516,-1.9865882429927586,2.8462562765926123,-60.90100607401434,2.8505867071808146,11.606913555686079,user,row,heavy
1789155846134,-5.748628408160806,-2.07352754464671,3.1355060569211837,-63.591970833405135,4.345629739131981,15.652059794453928,user,row,heavy
1789155846150,-5.984903261888027,-2.0820567419305442,2.827550699339807,-57.19817610984284,5.878494943612092,18.465363487163405,user,row,heavy
1789155846167,-6.218337923753261,-2.033873287389427,2.8260534465193747,-37.71446044573451,8.058904343204903,21.175034427143572,user,row,heavy
1789155846184,-6.126462773132324,-1.9903291830867529,3.301155176544189,-25.56040690262174,3.8365531152893046,23.737625781083974,user,row,heavy
1789155846200,-5.952733515167236,-1.8583488165706394,5.133617564447224,-23.818244211404927,-3.432340812660658,24.906909770760553,user,row,heavy
1789155846217,-5.417777328160405,-1.6323957426324487,5.939564529253542,-30.963262413472954,-5.4576942459236,30.01239079798046,user,row,heavy
1789155846234,-5.309291819000244,-1.6231186495907604,6.151901165771484,-37.12431502597248,-3.6197752907509706,31.316806665291153,user,row,heavy
1789155846250,-5.165490666308998,-1.8712176504939793,6.009595804595947,-40.19846705817933,-0.34972110679113827,30.369944370841456,user,row,heavy
1789155846267,-4.656121925023198,-2.2324426798395813,6.007349486973881,-39.833629088568514,0.21572911035625944,31.58432126941846,user,row,heavy
1789155846284,-4.331560300555825,-2.4943086325496435,5.901258471734821,-33.98918989504493,-6.172820601552636,33.55116303338284,user,row,heavy
1789155846300,-4.3358997910648585,-3.2858915564388034,5.561132198388874,-25.817560109778135,-10.499190914772473,30.569976705969033,user,row,heavy
1789155846317,-4.12401294414103,-4.444236247143149,5.0707697708681225,-19.353119032083104,-0.5978788480889208,19.50773914696656,user,row,heavy
1789155846334,-3.5646669967651365,-4.969913222216442,5.20334839553833,-22.317928273414513,8.415509373544914,9.120038263789851,user,row,heavy
1789155846350,-3.068766808861494,-4.810249533678591,5.354780773760378,-26.997159392648726,14.696304593704873,0.7400093751056268,user,row,heavy
1789155846367,-3.6685160782963036,-3.7752065207332373,4.166061110797524,-11.673787084076029,17.05117623460685,-9.17162412127002,user,row,heavy
1789155846383,-3.801393101391196,-3.2577596869319674,3.8551121243581172,11.135508413323786,14.822903857518352,-11.320230025653135,user,row,heavy
1789155846400,-3.9912832205623388,-2.7000604838497937,4.011782695494592,32.45286861484479,8.938496104519144,-12.462287173750749,user,row,heavy
1789155846417,-5.013904266569018,-3.1631885752253233,5.334878387938439,41.40331925795875,-1.1075655465626963,-23.83680012783256,user,row,heavy
1789155846434,-5.344457240405679,-3.4753327627986668,5.931634320776165,31.10873519751047,-2.2771654324883874,-33.62602873687535,user,row,heavy
1789155846450,-5.52985530885458,-3.5016685426689684,6.426483830583095,10.364457749431155,7.659566234322705,-37.50077456245607,user,row,heavy
1789155846467,-6.029945934185386,-3.192517545562237,5.432293052507936,-4.867447653984493,20.63216586926908,-37.8020849425966,user,row,heavy
1789155846484,-6.28881898868978,-3.2772124292902647,4.786308101598918,5.5599054655319025,9.904244725797573,-38.80101718418389,user,row,heavy
1789155846500,-6.8484630422294135,-2.7697910226799545,3.998914738354087,23.45567044950397,-3.0273643826186154,-36.37060365106157,user,row,heavy
1789155846517,-7.00378862849772,-2.5721200403742492,3.8634929992124434,37.75644561856257,-11.36937238295773,-30.61619659608251,user,row,heavy
1789155846534,-7.499237565502524,-2.4223327990107237,4.676174532970786,40.65409873242712,-15.31203760964506,-24.553481632158242,user,row,heavy
1789155846550,-8.004263309147953,-2.932746519304812,5.680840820091962,25.08592390626471,-9.659513925194139,-21.605754693941037,user,row,heavy
1789155846566,-8.600721135821939,-2.7976239092402158,6.3944634292051195,2.4087853122286487,-6.153913784156394,-23.923442785001463,user,row,heavy
1789155846584,-8.820686659783124,-2.511217389513552,4.988917709350585,-5.789055750864891,1.4511901225502164,-18.59957328925957,user,row,heavy
1789155846600,-8.801383993420004,-1.9520218103937803,3.6867706969112155,3.8265438999474743,1.9796908438970566,-11.373395364378867,user,row,heavy
1789155846617,-8.653841316112876,-1.8526625876277685,3.037342912071943,20.353769066246652,3.2804495717940334,-2.6988389002867605,user,row,heavy
1789155846634,-8.673893924060463,-1.75749321776703,3.7505171928957104,25.69570441234323,0.9525435177352674,2.1970127356914646,user,row,heavy
1789155846650,-8.75933465771973,-1.7066161402277646,4.919634329766035,15.46593713957108,0.5296461120541396,4.392920261397856,user,row,heavy
1789155846667,-9.146296916520596,-1.6335926973320543,4.724206742472947,11.216715947460653,-0.8182695225330743,3.659018142627279,user,row,heavy
1789155846684,-9.855280467656254,-1.7573431417718528,3.6447222379937765,18.745310743127426,-0.7892015180859694,3.3735111126788686,user,row,heavy
1789155846700,-9.891194077080488,-1.9641424562983214,3.4293946029663083,22.493563172826804,7.617569962437236,6.566333839733281,user,row,heavy
1789155846717,-10.061031588304042,-2.048088859746605,3.725825526970625,21.42111248256079,7.459517677495849,5.445495101179134,user,row,heavy
1789155846734,-10.005666843956709,-1.9370581961482762,4.417002203258872,12.348343396695658,5.553157665518753,3.8919024070021493,user,row,heavy
1789155846750,-9.679006785905361,-1.2170016084648667,3.9200548443898557,9.544518299006866,7.214653688203598,4.201780832569635,user,row,heavy
1789155846767,-9.452159101215004,-1.0356411249689756,3.652205287225544,12.026894203787348,7.260491087723555,5.764052135860767,user,row,heavy
1789155846784,-8.975861439403891,-0.6669339231744408,2.9261636337831614,23.806906097382708,11.114227251417319,9.072954354746368,user,row,heavy
1789155846800,-9.112779262322187,-0.6578058832146227,2.6824031004756685,36.315733326364274,4.893680276152396,8.848434083897002,user,row,heavy
1789155846817,-9.130734605729579,-0.7846987173333764,3.1352061971917746,39.70991045703749,-0.741326747841793,7.034564224791988,user,row,heavy
1789155846834,-9.291597367858886,-1.0091554152339697,3.7744592094972726,33.59924756513973,4.279395260316251,7.072079465695106,user,row,heavy
1789155846850,-9.006685616734623,-1.1972495908990501,3.9441473753780123,28.964325590598683,10.287472125975002,8.844662111927862,user,row,heavy
1789155846867,-9.244761382403968,-1.255907823833823,3.8419451842710375,27.83506821700567,13.771740305574328,7.88381585892621,user,row,heavy
1789155846884,-8.823829049462079,-0.8861530126824975,4.0988732421875,27.12598700567892,7.571518265732071,10.819391890609964,user,row,heavy
1789155846900,-9.318831411743163,-0.7299317927487194,3.869030759595334,27.503906495097603,7.244823487541192,11.110805326643142,user,row,heavy
1789155846917,-9.467120523503421,-0.7504317791376263,3.775204767167568,28.503180246143394,7.170110609531361,10.639123561619463,user,row,heavy
1789155846934,-9.150187494218349,-0.6780072519831359,3.9567160573109983,24.710548662311854,9.725374878039633,12.725972603074615,user,row,heavy
1789155846950,-8.95805164194703,-0.6525687132135033,3.881746741044521,18.0218058798209,14.771296655697029,13.721202882131758,user,row,heavy
1789155846967,-8.894310114398598,-0.5690710764460265,3.722085463659465,12.946945444423806,19.66433318652015,12.956219133769391,user,row,heavy
1789155846984,-8.857198819622397,-0.05072649008743465,3.1271260588496923,17.515565918917893,18.418692804564706,10.647114882948378,user,row,heavy
1789155847001,-8.95012377155721,0.08544365626871585,2.3059151816770433,31.458136939597058,13.233307101792114,10.372072556582074,user,row,heavy
1789155847017,-8.652197640559077,0.26575696879923344,2.43520324036926,40.04127025443149,11.071722130438683,12.652239857210681,user,row,heavy
1789155847034,-8.163180782428384,0.6009452742863446,3.1950627000004053,33.7658666148476,15.36403071715449,20.589945054914647,user,row,heavy
1789155847050,-8.208669444927573,0.8405152605688199,3.12218801792562,29.76352944047646,22.28860285621306,28.56099608992026,user,row,heavy
1789155847067,-8.854355705150962,0.7600100105503573,3.115454618017375,30.99856083110358,23.021436050378533,27.710395066538137,user,row,heavy
1789155847084,-9.191039729088544,0.7347213103138841,3.686621059307456,34.128167169181765,16.868834089429605,26.687553747761218,user,row,heavy
1789155847100,-9.42971112256348,0.7140714031934272,4.342930128093063,34.30330346478465,12.582459229555246,27.457399737038987,user,row,heavy
1789155847117,-9.636362991443276,0.47165834468035606,4.674378297203779,26.65225533013059,15.475087885511604,26.843025928743632,user,row,heavy
1789155847133,-9.73048270612061,0.2672535548993852,4.944473879729211,12.216494278731378,22.041886178108445,22.067675264867123,user,row,heavy
1789155847150,-9.387661786863207,0.3585324749265332,4.503042071855068,-0.2149380223719412,26.949781785470933,14.181700212389542,user,row,heavy
1789155847167,-9.023295975273847,0.554856965393573,4.046797894774377,4.228497544394963,29.698529945240033,9.926343802857149,user,row,heavy
1789155847184,-7.8229019488692275,0.503381392238196,3.4799715285152195,24.22576915578103,20.109171454332035,8.690471445188471,user,row,heavy
1789155847200,-8.278253268763422,0.5225352977803908,4.343082396045327,45.27059285658748,-1.421497902845996,7.344240306005312,user,row,heavy
1789155847217,-9.09182941327393,0.5134073491521179,5.0079205159842966,35.73956247364409,-3.822821019962994,3.480399517764748,user,row,heavy
1789155847234,-9.895532983067632,0.5401922975620255,5.475388097868859,11.076538267577188,8.815883963633661,-1.4096110258126466,user,row,heavy
1789155847250,-9.434947854173183,1.366790566861443,5.048621944206952,-13.157977799209691,20.632355407018547,-5.10750276321423,user,row,heavy
1789155847267,-8.871115116772055,2.023699574301578,4.3207849317803975,-3.2370642101861122,13.186279541809284,4.6463271097945,user,row,heavy
1789155847284,-10.268280254033208,2.5450369858006012,3.3848020125240086,21.932251396645988,1.518306869707641,12.716259220301211,user,row,heavy
1789155847300,-12.766181942638754,2.0419553254276512,4.349215199711918,33.20828070685903,-1.9621697011286816,16.693817322137196,user,row,heavy
1789155847317,-14.443319036534428,1.8751093241702763,5.224745696093142,18.99837778961286,7.717682606423051,10.579813613961658,user,row,heavy
1789155847334,-16.902613638848067,2.069189515442401,6.364086118859052,5.739387468994204,14.542434092082827,-3.980093809565354,user,row,heavy
1789155847350,-16.1768712606132,3.038392311527021,7.235126318083703,-5.1522477593538065,4.450025338614218,-12.270372518451731,user,row,heavy
1789155847367,-15.649997257775068,3.3502368585666638,7.055561485832929,-11.01829041433532,0.5690589716077578,-11.087526334404446,user,row,heavy
1789155847384,-15.674837684521078,3.743484846573509,6.198138016289472,-15.233903660634699,-0.48514428132118603,-9.921714642147174,user,row,heavy
1789155847400,-15.566801672694087,3.632453671518527,5.0058264663144945,-13.208953208532789,-1.631839661473768,-8.464236796857431,user,row,heavy
1789155847417,-15.49437590343058,3.431041456857882,4.477007174627483,-6.757243603450661,-7.117006742508158,-10.57496844851918,user,row,heavy
1789155847434,-15.722123167309164,2.4018339816655963,3.5552389509454367,-2.052175586133582,-12.868107132155288,-18.119945452910226,user,row,heavy
1789155847450,-15.476866550225019,1.7501619615634902,3.542519170103967,-7.7015727514919305,-10.297752414449517,-29.044853520913133,user,row,heavy
1789155847467,-15.107560944145916,1.5732902956531383,3.5688556806266307,-13.2167857279635,-3.361045590556772,-34.702599738758174,user,row,heavy
1789155847484,-13.953556328472494,1.3221985061421058,4.121019607543945,-14.654794119024121,-8.793233348798605,-37.220214297014046,user,row,heavy
1789155847500,-12.102390701404213,1.0019741436940617,4.118475476019084,-15.820960127344588,-22.888923550291114,-33.944015023874464,user,row,heavy
1789155847517,-11.642253900799155,0.8610152834903448,3.9740743116080757,-24.046843812736086,-24.72677377668522,-31.63604970709755,user,row,heavy
1789155847534,-10.82224100123942,0.836923793681804,3.0599384825006126,-35.816333799915036,-17.272489731640896,-29.534854707064433,user,row,heavy
1789155847550,-9.823409996142983,0.594959770135954,1.898301764513552,-40.889166522902286,-9.632386975131787,-29.47989900500251,user,row,heavy
1789155847567,-9.14255772999227,0.5527620754735544,1.4021031781852245,-34.60576473180032,-7.826676203877176,-27.098732843343278,user,row,heavy
1789155847584,-8.427738896831869,0.10459734261520207,0.7368152686521411,-20.500898171157896,-13.113392885628786,-27.59051158622607,user,row,heavy
1789155847600,-8.118139279174803,0.07646554617360234,0.647481619207561,-5.652679071254539,-14.496866485035087,-25.986576555884685,user,row,heavy
1789155847617,-7.264156305474042,-0.09576733575388789,1.308430330492556,11.1264285305959,-21.89733376206159,-20.502638161848957,user,row,heavy
1789155847634,-6.345231780785322,-0.3365340940728783,3.2930741614192724,9.8991707490179,-28.890539056995035,-11.74028409828798,user,row,heavy
1789155847650,-6.382941041454672,-0.8105860227838159,4.027645158275962,-4.005080775983377,-29.21809785411592,-9.170917196690922,user,row,heavy
1789155847667,-6.638970981487631,-1.4047970934443175,4.583846962407231,-28.334901460467204,-25.50459230427169,-7.5306071401509875,user,row,heavy
1789155847684,-6.4534197683036325,-1.2000927784357218,4.330510206981003,-41.91597959668157,-26.491525611034557,-5.382881049510335,user,row,heavy
1789155847700,-6.595275632146,-1.0621267616387455,3.7573996458858248,-44.65754239744381,-26.783705735802073,-1.8165852861869176,user,row,heavy
1789155847716,-6.47466772351563,-1.0024213577385992,2.857030184063315,-38.4076119483695,-27.607505096881063,4.941854027255319,user,row,heavy
1789155847734,-7.037604973381757,-1.5961835886530578,2.9501041890799997,-35.24276183417405,-29.199775871667363,3.8638883861213422,user,row,heavy
1789155847750,-7.0192013016849755,-1.7278648991573602,3.503314994701743,-40.66743126168699,-29.62175861896909,3.183452988173624,user,row,heavy
1789155847767,-6.227018658336997,-1.6190779958978294,4.172794218444824,-54.41961075925205,-18.672519709595306,8.832154328010278,user,row,heavy
1789155847784,-5.885395424431562,-1.6412243612542747,3.8386531569883227,-58.66865436644406,-11.173709661351667,14.137218605419834,user,row,heavy
1789155847800,-5.994329846403002,-1.652297397802025,3.7232816877067085,-53.42762140495608,-13.608480001390806,18.26817251073055,user,row,heavy
1789155847817,-6.1486073849231,-1.6352390032343564,3.4214629331842064,-37.32920704069452,-14.783493666007379,25.973418196448655,user,row,heavy
1789155847834,-6.843227479663491,-2.124105346978456,3.407846495763957,-24.38071711974465,-14.739314294908443,26.81441597385774,user,row,heavy
1789155847850,-7.167938157212734,-2.3014253229118884,4.067447884093225,-21.102106789828053,-18.65909838787623,24.950950830528793,user,row,heavy
1789155847867,-6.868814340862631,-2.5098707241449505,5.116108795763552,-31.548148587574072,-16.276260537417638,24.657845215128745,user,row,heavy
1789155847884,-6.969671839362382,-2.541743752941489,5.168782109069824,-40.68767252729232,-9.51052957014959,22.575125876800513,user,row,heavy
1789155847900,-6.533026973503827,-2.421883813134208,4.920381933262944,-43.60250356691945,-7.193950531055644,23.490127046319394,user,row,heavy
1789155847917,-6.0652580705851316,-2.2846659112907943,4.701163136015833,-38.878034397264955,-10.215658663267842,22.383962542310194,user,row,heavy
1789155847934,-5.155016618567704,-2.1440071482785044,4.725705164337158,-33.00043463532096,-13.761033130276687,24.592596417987615,user,row,heavy
1789155847950,-5.060891058671475,-2.2936441675163803,4.656870113041997,-24.36295009016615,-18.247347263951184,25.609229094808992,user,row,heavy
1789155847967,-5.391891191753745,-2.6232960277948525,4.530726782116294,-14.500611136247546,-19.683526018087885,20.111270029954518,user,row,heavy
1789155847984,-5.136162280493974,-2.654271377099305,4.83942974319458,-13.276309119032868,-16.282151575576773,17.014250524406467,user,row,heavy
1789155848000,-4.805310031449794,-2.636912903606519,4.963028065812588,-14.575311207652682,-10.09139020150863,16.09809846801244,user,row,heavy
1789155848017,-4.241478463092446,-2.650530437005311,4.859182491412758,-14.687835159134057,1.2546349940404093,13.837505635771443,user,row,heavy
1789155848034,-3.9586604693770404,-2.880522922527417,4.508878522923588,-11.757124783460293,8.576961385145676,7.821194123294595,user,row,heavy
1789155848050,-3.544315113610029,-2.936637170067802,4.347420132988691,-5.066711165943621,11.566631661282283,1.9809834571974816,user,row,heavy
1789155848067,-2.5646371372729537,-2.8393729468196627,4.428523714226484,4.7003470759401305,10.872765550105381,-3.809806948273181,user,row,heavy
1789155848084,-2.2635668630301953,-2.6440957277826964,4.186260433739424,9.897566508336594,13.615100162243841,-4.449777317369981,user,row,heavy
1789155848100,-2.5354578045397997,-2.574813590307161,4.110992134526372,14.497563164330428,15.37090017991223,-5.933463879165532,user,row,heavy
1789155848117,-3.3879461557686326,-2.325218140301108,4.0316868348821995,15.77605504864634,22.25182741017442,-9.049848678557863,user,row,heavy
1789155848134,-4.560504080742597,-2.506129930181429,4.3626837530940765,12.080618764251374,23.368985103652754,-12.05729196068849,user,row,heavy
1789155848150,-5.441272770038247,-2.6420010205257682,4.547486485998332,7.665198579067027,23.04565077853352,-17.316568357449572,user,row,heavy
1789155848167,-6.328772228893637,-2.5378529560480265,3.8117183883115646,13.905925348234753,26.12240340526685,-14.483667144464036,user,row,heavy
1789155848184,-6.986429497417808,-2.5001443529658016,3.2852927137628196,30.190867056087477,20.83962262002446,-8.174112559030092,user,row,heavy
1789155848200,-7.732823034015297,-2.4142524414729327,3.3883941917970772,49.20781783760089,12.216291934377216,-4.466317474218814,user,row,heavy
1789155848217,-9.214085673633218,-2.7521342238277193,4.274996409551799,60.04821597500323,4.724809825339355,-6.260927907411684,user,row,heavy
1789155848234,-9.60269453059733,-2.8728917700618504,5.907542082048952,46.990273980151194,-1.3240678156567027,-14.946588338103528,user,row,heavy
1789155848250,-9.235633488574624,-2.7787695711664853,6.06810381540507,21.513880111867902,8.719923220889566,-16.79549493321659,user,row,heavy
1789155848267,-8.94488528638184,-2.2554867977533486,5.320962090788782,-0.057830444640237656,21.654078282318878,-16.09007641083226,user,row,heavy
1789155848284,-8.486546475109458,-1.5336352894771843,3.597732815542817,2.363002981108876,24.56291412340203,-8.845707984644521,user,row,heavy
1789155848300,-8.844631014472245,-1.3816034109920263,3.1295220140755173,22.648014240528305,14.134647039197324,-9.871543487598846,user,row,heavy
1789155848317,-9.300423648393153,-1.7091599794916807,3.4858053492352363,42.24491809201479,-1.3491885043720693,-12.41503165620437,user,row,heavy
1789155848334,-8.741978449249267,-1.712003313158825,5.060144624218345,37.745807598930284,-9.852400174902591,-10.62752846172972,user,row,heavy
1789155848350,-8.9062799536556,-1.5167260210566222,5.236567651312053,18.32551877900198,6.001054577418332,-8.967800177379438,user,row,heavy
1789155848367,-9.514406590813397,-1.250370940233767,4.4963086719468235,6.878261748938593,18.61160466748255,-10.988453586719766,user,row,heavy
1789155848384,-9.429113741192221,-1.1590921480707823,3.8811496519342064,10.955940178723212,16.108693798962424,-14.18240884451593,user,row,heavy
1789155848400,-9.07148045272827,-1.0865181294430046,3.5932474868223068,18.596043789005964,10.914425435174229,-12.431040765845234,user,row,heavy
1789155848417,-8.724770124816894,-0.9566326163142919,3.557484391784668,24.318354077527847,4.2332688584170395,-10.77965811888706,user,row,heavy
1789155848434,-9.285760916790366,-1.2407942797236144,3.472040443255007,26.971652051193313,0.7232682079239553,-14.347760040359123,user,row,heavy
1789155848450,-9.195530026245116,-1.414224335546419,3.6032737907961008,24.708834284830182,2.7482011043052657,-15.17675376030191,user,row,heavy
1789155848467,-9.252242678070068,-1.2566558657221496,3.264193519371748,24.240411373814247,11.818367674653212,-12.902787417666028,user,row,heavy
1789155848483,-9.288304171532392,-1.034443878008425,3.1283225751578807,25.634961832507013,17.10677909709263,-9.225495530801203,user,row,heavy
1789155848500,-9.320176396611332,-0.8099876184992492,2.9333456542417404,30.431023337494295,16.622648458532957,-7.183829044479332,user,row,heavy
1789155848517,-9.693373164910078,-1.2144579883966595,3.0870223042592406,29.418820038349672,16.66182642361215,-11.0699189604978,user,row,heavy
1789155848533,-9.432108246833085,-1.1405371582698076,3.3080387985780835,22.703487329419854,17.58167190479986,-13.67963008197483,user,row,heavy
1789155848550,-8.923337471440433,-0.37738501376882194,3.0383900830373167,20.301198807752357,23.351651791086553,-8.096156194938152,user,row,heavy
1789155848567,-9.017460108727215,0.07691460511535406,2.1074951345697044,31.909554387126956,22.426678545379456,-3.866267426386622,user,row,heavy
1789155848584,-9.730036715918779,0.21996786204874513,2.484133860015869,52.804086605436446,11.74073062190497,-5.788407736667386,user,row,heavy
1789155848600,-9.517848840221761,0.31259353877604007,3.0961507826104757,55.72495894738445,8.353295741716208,-2.559761521189903,user,row,heavy
1789155848617,-9.585634674724936,0.33713439805358647,4.260032356914878,46.35988850089404,10.83766691550798,2.1389936937867913,user,row,heavy
1789155848634,-10.185233722034097,0.2229607602544129,4.622455217742919,29.440803002193356,18.858901911666614,2.9178025988029104,user,row,heavy
1789155848650,-10.28444286880493,0.29493652072809634,4.908412094005942,16.629400100527516,19.705626802694756,1.4518298124546705,user,row,heavy
1789155848667,-9.613017187169193,0.7743753301091492,5.010165372301638,7.458009913236568,18.4187628140037,6.545063349997392,user,row,heavy
1789155848684,-9.419237659344077,0.8942350507207214,4.832844811846315,3.628246432869079,15.736878791114439,12.698848214333202,user,row,heavy
1789155848700,-9.99055519954264,0.6453877156682312,4.285770317022502,4.693808450470312,11.195874478982004,9.959111635400285,user,row,heavy
1789155848717,-9.866952200749516,0.7591123675908893,4.148402119988202,4.91219819965277,8.364194162310609,6.914945414310262,user,row,heavy
1789155848733,-9.330653366962075,0.8234562814792618,3.906737974438071,7.163867816629969,5.156376608707079,8.467720193334138,user,row,heavy
1789155848750,-8.5624104021281,0.9479549870030954,3.4925399181872603,9.514804414796371,8.465106792202961,12.96410458716617,user,row,heavy
1789155848767,-8.760532927593589,0.9120419255681336,2.9599808554500338,14.756828607487648,13.33309872688694,15.455987261497665,user,row,heavy
1789155848783,-8.634835586869716,0.9337393415806815,3.0261200917899607,21.002210150574737,8.71983101333577,20.694395722797065,user,row,heavy
1789155848800,-7.9928926048278806,0.9130893157292157,3.238756295776367,27.805464469595545,4.367348886918975,28.585104950143112,user,row,heavy
1789155848816,-8.261044944331049,0.7948755356937647,3.370886007635295,32.224453428621224,2.976753321199056,30.59107174522062,user,row,heavy
1789155848834,-8.844628676384687,0.48422786115533667,3.8265313420400022,26.471489251104327,6.808608760443272,31.467904110110176,user,row,heavy
1789155848850,-8.545352299821376,0.44771634919921344,4.433910083439946,15.864890196538818,12.288512647113638,34.510825102337144,user,row,heavy
1789155848867,-8.61822698189616,0.5626380477238446,4.391264827673137,2.0893446218231455,16.836248964446767,38.45550181973504,user,row,heavy
1789155848884,-8.814103189739585,0.6509241974094883,4.274247929272056,-4.146917338061507,16.394907753489928,38.589923357695476,user,row,heavy
1789155848900,-9.548523964470624,0.42242746687047183,3.4106884411916134,-4.806539442060903,17.171696630059017,35.42335545092377,user,row,heavy
1789155848917,-9.878626271930337,0.027234664938785135,3.158549663378298,-5.4254502035124395,22.22588464415942,29.09233699602306,user,row,heavy
1789155848934,-10.017636683213711,-0.13168047025408594,3.287686330901086,-8.73954464682772,29.315171917694727,18.93825504944382,user,row,heavy
1789155848950,-10.035444727104903,-0.2799713355800137,4.18236985604167,-14.023663295373787,36.50078022645285,8.706703389751006,user,row,heavy
1789155848967,-9.939677245220542,0.47614736662022766,4.9060173078238964,-18.499381244324653,27.163848451795594,-0.3808659956740295,user,row,heavy
1789155848984,-10.292672352489829,0.943016909546405,4.947018595775962,-21.23481224275952,12.211172707594292,-0.8258478842214678,user,row,heavy
1789155849000,-10.950777949303388,2.3877677546512333,4.513219182476401,-25.028191732305178,3.5663723895081683,5.786381304918008,user,row,heavy
1789155849017,-11.137076765984297,2.8989297360293564,3.7451287778556344,-20.41007373066965,1.811716001638933,14.943038347282414,user,row,heavy
1789155849034,-12.643330054473877,3.447202281531319,1.7404340925469994,8.344832283560915,5.4153684174106775,21.124899131088384,user,row,heavy
1789155849050,-14.401571314129232,3.3224044834630564,1.0633233510121702,30.725175679384648,5.696725253664659,21.239492629888275,user,row,heavy
1789155849067,-14.928444732445477,3.095553766565397,1.8798969237729906,37.338608796087044,2.208732699976972,17.96207075288726,user,row,heavy
1789155849084,-16.360775875633955,2.5396499955326317,4.000111254662275,19.55882383931638,-2.2191256865727924,6.278421729423379,user,row,heavy
1789155849100,-16.75866226403117,2.3538000916630026,5.522075907024741,-4.749975230449443,-1.494150838490833,-0.996122899404299,user,row,heavy
1789155849117,-16.538694986504314,2.175431994916126,5.493194680455327,-22.672672930979342,0.9477767927465389,-8.637370139486206,user,row,heavy
1789155849134,-16.415844267383218,2.0724815427251158,4.221724838091433,-24.308101963583656,0.002524622012179186,-19.35864636266894,user,row,heavy
1789155849150,-15.700723236405848,1.9722243116734548,3.143885470470786,-17.019724921026235,-5.372872261055328,-26.20776710951367,user,row,heavy
1789155849167,-15.29655499126017,1.9991588976871222,3.0183395209163426,-12.701133766384217,-11.340683027122738,-31.789100586019195,user,row,heavy
1789155849184,-14.33258779427409,2.0883429460605605,3.2610514219537374,-17.34769182195003,-10.894996962080127,-33.47862983949189,user,row,heavy
1789155849200,-12.828430016759038,2.2141881890888326,3.2216958553820847,-23.722905015875305,-2.629661463712402,-27.936518724295162,user,row,heavy
1789155849217,-12.224194541820882,2.2530941121968437,2.885012708227336,-23.39148886942065,2.69620714302219,-22.53915468553664,user,row,heavy
1789155849234,-11.442637337383628,1.8215393177526071,1.981350342339277,-10.894530801669273,0.5722619568025235,-17.346332614305197,user,row,heavy
1789155849250,-10.927434483116864,1.4601645503385456,1.7015283155694603,1.7621158082165351,-6.439090830590528,-16.521197951243465,user,row,heavy
1789155849267,-10.797847149217128,1.258004043626764,1.836351796557009,8.985313636184996,-13.745916214096157,-15.101707056796394,user,row,heavy
1789155849284,-9.780760356462002,0.7009030771501479,2.5921710408866403,6.37854461869295,-18.20850397814132,-9.803302213827601,user,row,heavy
1789155849300,-8.941443621495365,0.40147829824222714,2.9423236182063817,-3.7655605559430154,-14.554810394858889,-6.456093305868806,user,row,heavy
1789155849317,-8.551488026097417,0.17417881466376128,3.056646162956953,-16.39409666852599,-10.06066886439556,-3.434897437844358,user,row,heavy
1789155849334,-8.245480295452476,-0.07601526338914409,3.027167847277224,-23.199162695224143,-10.257514916275326,-0.7970069835642659,user,row,heavy
1789155849350,-7.881710696190595,-0.34102334091668013,2.7602137776479125,-20.821949505547053,-15.758064330372525,0.7807366191876493,user,row,heavy
1789155849367,-7.802853432574868,-0.3728963240474462,2.774280004662275,-16.840743228920633,-23.00682969083846,1.051340709975621,user,row,heavy
1789155849384,-7.845649787250161,-0.7881406196818687,2.9423236182063817,-13.604829265279434,-31.652527538470206,1.4892598894365752,user,row,heavy
1789155849400,-7.356781982201337,-1.08337553883465,3.1190456282466648,-16.8329158321318,-30.028417836867895,5.221037582692767,user,row,heavy
1789155849417,-7.071124381145834,-1.1501138918451965,3.3864486106872556,-26.88069954465813,-27.601532096451887,7.860741772362615,user,row,heavy
1789155849433,-7.277175946044921,-1.3412011849116534,3.7240307525083423,-39.10299009267391,-22.78328101439853,8.520973470745435,user,row,heavy
1789155849450,-7.447163094872236,-1.4727326386164874,3.3452979773923754,-48.14628008208127,-20.26851976766843,8.367424841788024,user,row,heavy
1789155849467,-7.630469743999838,-1.4203594225016423,3.1097678045526145,-50.04447502979244,-20.591288894633845,7.507393888483053,user,row,heavy
1789155849484,-7.154919685685634,-1.2199947258662431,3.0762483967885372,-53.26376175167289,-21.07210518389877,12.624662968436756,user,row,heavy
1789155849500,-6.760327078136801,-1.004217209913116,2.933344192937016,-51.363825105723365,-24.544873886256735,15.233621915331437,user,row,heavy
1789155849517,-6.965029566514492,-1.2244837078485638,2.810192737303674,-46.816565194084845,-28.36519164188892,13.741045435444292,user,row,heavy
1789155849533,-7.318025842827558,-1.302445045537874,3.0267186422049996,-46.26172502214261,-28.42169608934514,12.97996684773988,user,row,heavy
1789155849550,-7.032966207665204,-1.2633894482934847,3.725675889366865,-51.95653526151873,-28.17837230771073,14.480098370622704,user,row,heavy
1789155849567,-6.848910785996914,-1.3398543368799611,3.6062656660884618,-52.63788761236252,-24.337376154366332,16.867645636514023,user,row,heavy
1789155849584,-6.859236949700117,-1.2865834960719569,3.47997094399333,-52.81144271917255,-21.70874882398295,18.17594617391516,user,row,heavy
1789155849600,-6.7630199704825875,-1.049557422118634,3.654598319841921,-50.384253035338475,-21.88676745941558,19.16243381083469,user,row,heavy
1789155849617,-6.826916980853676,-0.92954810043592,3.716848147527873,-45.79215976198799,-25.247732795249604,18.849187675119563,user,row,heavy
1789155849634,-6.945428209465741,-0.7451947552669793,3.89805811663717,-41.08467044261015,-32.11655351520795,17.674323420891085,user,row,heavy
1789155849650,-6.02710340423584,-0.8568244807370007,4.493317673437297,-46.01285341935486,-36.386866331475375,20.171297147475176,user,row,heavy
1789155849667,-5.590609929546713,-0.9748883674403652,4.5217485258907075,-52.7600899418978,-27.828553924084773,22.87029762442449,user,row,heavy
1789155849684,-5.0683764459908005,-1.500565379046276,3.8907276276186105,-55.39532718785046,-13.78235868841276,20.793122692155016,user,row,heavy
1789155849700,-4.310161538696288,-2.3530507346004246,3.4498946624204514,-52.78197728309311,1.6122784265776748,15.366158321080949,user,row,heavy
1789155849717,-3.761140585979819,-2.654121520299837,3.446003207939863,-43.61090469959857,4.1107668543319225,12.826460907464782,user,row,heavy
1789155849734,-3.094057317462563,-3.457675671685487,3.187280375561118,-25.2270526899901,-0.29856509766143197,9.3369437274883,user,row,heavy
1789155849750,-3.5052614525943993,-3.752312040423229,2.976142885699868,0.6155286972344683,-0.11507486705381616,2.5852016279706733,user,row,heavy
1789155849766,-3.692905838665366,-3.716848001397401,3.0723586958736178,15.323876035023986,6.3188803549719506,-2.9293543696801057,user,row,heavy
1789155849784,-4.126707590052486,-3.393630740743689,3.6994904777526854,21.51082701730891,13.661407137269235,-6.939910609500306,user,row,heavy
1789155849800,-4.661960129657388,-2.88830437018387,4.580855379375815,23.126030152233522,19.01881371560954,-12.746863590424745,user,row,heavy
1789155849817,-5.4061079331547015,-2.9255643161831424,4.74695399633199,22.905111098624044,18.625311149599472,-22.756404220014527,user,row,heavy
1789155849834,-6.433818995776772,-2.643497286965512,5.24464866643697,20.271215984843295,17.64569639053227,-32.31492269927263,user,row,heavy
1789155849850,-6.724710990354418,-2.392405132128298,5.48840598487407,16.614896193824993,16.02177281158484,-36.92672789856777,user,row,heavy
1789155849867,-6.529437424579262,-2.2303478264521805,5.467758041381836,14.18852869401226,17.081005378259587,-32.67042038519345,user,row,heavy
1789155849884,-6.3236845503658055,-2.255187741741538,4.963628954315185,13.848654212044195,15.649717039568614,-29.344278768842738,user,row,heavy
1789155849900,-7.250089201676845,-2.0911847088251263,4.481645063561201,16.03722952967658,12.85824860786202,-30.90194097510458,user,row,heavy
1789155849917,-7.5339529050528995,-1.7387882250361144,4.290109515270591,17.549464147768667,13.888605696046893,-30.099796728789112,user,row,heavy
1789155849934,-8.109010800823569,-1.167471780816093,4.065802162712812,21.749019619329346,11.238489736761007,-27.319706538466114,user,row,heavy
1789155849950,-8.353965804612637,-1.4109320890679955,3.759344350212812,27.65946917608652,8.636704196042132,-22.58311207548755,user,row,heavy
1789155849967,-8.193557215991616,-1.5994759081967174,3.6649236067622897,29.253283573625243,5.093377932010643,-19.265076186134348,user,row,heavy
1789155849984,-8.016383370530605,-1.8709179368950426,3.6501083149462934,28.062443506928105,2.2742169252010576,-16.76125007226544,user,row,heavy
1789155850000,-8.44075678383708,-1.5719424429744482,3.293372852104902,25.786364928291395,9.820380248073572,-13.584033900577685,user,row,heavy
1789155850017,-8.453328680640459,-1.4437032357480377,2.9876641044065355,25.32395258374507,17.224642548957664,-7.799639753821327,user,row,heavy
1789155850034,-8.310720537126064,-0.9427159538384526,2.867354594200849,28.18631923281004,19.433230320858183,-1.5524775590732744,user,row,heavy
1789155850050,-8.213755369889736,-0.9886546981927007,2.862416261015832,26.772215650070816,19.333220983483564,-0.5359628630976379,user,row,heavy
1789155850066,-8.83624955509603,-1.30992677959539,3.479521446660161,20.74653567937365,16.206713843741277,-9.617822450500382,user,row,heavy
1789155850084,-8.889820986285805,-1.5707454882748424,3.8458366387516256,14.767801306389273,13.704976913984746,-14.461545869289658,user,row,heavy
1789155850100,-8.578871707585453,-1.5554820873651654,3.851970319201052,10.553412371498618,11.845562926607263,-11.197428347018183,user,row,heavy
1789155850117,-7.9352803738147015,-0.8747805547967553,3.5130399776414034,7.904933096292598,12.65735566889902,-3.168695937584989,user,row,heavy
1789155850134,-8.504504741126299,-0.5406400778621435,3.2561142578125,7.0448103623206535,12.059883163704862,-1.3039191844919882,user,row,heavy
1789155850150,-8.522161978369951,-0.4815334435727447,3.1114146949768067,6.203129565994567,15.014147446731418,4.234416330197602,user,row,heavy
1789155850167,-8.772055023083091,-0.17073562910705803,2.808098687633872,11.725390870802768,22.912388665184693,10.541817271608876,user,row,heavy
1789155850184,-9.077015290501713,-0.029178529015555975,2.4081167882621286,21.99490130680793,22.522352420178407,14.576750670020262,user,row,heavy
1789155850200,-9.214683055004476,0.041300636224821205,2.463333064049482,36.23148635804675,15.548479975690684,16.551436906246405,user,row,heavy
1789155850217,-9.73617010410726,-0.19811945672556758,2.4851804464593528,47.52794988670918,9.604712756162188,14.547063252792801,user,row,heavy
1789155850234,-10.367791598621011,-0.3820242178767919,3.001730331420898,46.989420206504946,15.965218845257136,15.820546900899803,user,row,heavy
1789155850250,-10.41148577891886,-0.3163331636957824,3.122637222997844,42.70889967252293,25.156460977370724,18.36981767841139,user,row,heavy
1789155850267,-10.798598259845376,-0.16175744594670832,3.427000109045207,37.03051603810069,29.76582779913217,18.332224317219637,user,row,heavy
1789155850284,-10.794857319751381,0.2560307437505573,3.4320874953120946,36.392378294135575,29.385109639701074,19.17119182089794,user,row,heavy
1789155850299,-10.236110507312416,0.489465186420083,3.4467519804805513,36.17207737264598,25.961518299367203,23.98122618537977,user,row,heavy
1789155850317,-9.843459681481123,0.7643495193256996,3.4223613433286544,38.53246097620816,21.190264041445406,23.62554579189865,user,row,heavy
1789155850333,-9.95943057796061,0.8866034324642736,2.7624592184871433,45.75243196668061,22.986040302552233,24.10076474113875,user,row,heavy
1789155850350,-9.832386498802899,1.1631338338101749,2.3804344160884616,59.14420628740619,23.87203365866607,25.97305961151723,user,row,heavy
1789155850367,-10.07494846997559,1.3028953465886413,2.505680505913496,76.76070532678395,13.041226814405723,24.6120744099532,user,row,heavy
1789155850384,-10.211119273918866,1.238102337225899,3.6191345000118016,76.97453805912954,9.696150206128442,25.109945681575645,user,row,heavy
1789155850400,-9.997287722668052,1.299902594513446,4.352507811516523,62.02959921171057,12.818244189893257,26.963674390242737,user,row,heavy
1789155850417,-9.768194304877518,1.1282681899357587,5.294627041570842,27.47769564415768,20.62821118973964,25.165065308177645,user,row,heavy
1789155850434,-9.405918159043788,1.099986682825163,5.332784338268637,4.326512039645115,21.83917982392081,23.36846600927583,user,row,heavy
1789155850450,-9.088090811267495,1.1764514252811669,4.802319325201213,-6.820265332035546,22.6727736762696,24.594635229454862,user,row,heavy
1789155850467,-8.7084584569633,1.5372278340764343,3.093457598003745,-0.20406054591229925,17.850639631673086,26.025213228472154,user,row,heavy
1789155850484,-8.573636145019531,1.740734755994007,1.5928911229789255,17.12669763625968,14.02776909283861,29.5545871235766,user,row,heavy
1789155850500,-8.498965811699629,1.8284224648624658,1.160438155852258,40.10186086255867,5.654964623305554,31.862849553582407,user,row,heavy
1789155850517,-8.604312438312173,1.7872722699590027,1.490689808654785,62.90289353861006,-8.657022301275626,36.77182945347563,user,row,heavy
1789155850534,-9.028983373260498,1.5053551706060766,2.315192713110149,71.50861087393514,-14.029123177841566,38.781305258239236,user,row,heavy
1789155850550,-9.539995790100097,1.333421563886106,2.285714105169475,71.61310593804716,-15.353964725865184,36.781320001327366,user,row,heavy
1789155850567,-10.147374239239095,1.186476998602599,2.712180691362917,53.78458416645387,-8.806182533691304,33.5339748623365,user,row,heavy
1789155850584,-10.691756426239014,0.8164233506351709,3.7662279722467065,23.207481865633216,8.412148920473268,26.77320090485859,user,row,heavy
1789155850600,-11.00629583838582,0.9226663415655493,4.15977545465678,-6.512850470324319,23.109876754846443,17.023070006172247,user,row,heavy
1789155850617,-10.524460416191816,1.6370358235232532,3.5410236708492038,-12.875849151579498,20.009448984902555,10.901900575783717,user,row,heavy
1789155850634,-10.064475006756187,2.7370219948917627,1.8547575140804051,4.45371022567144,10.155444569318655,8.750671024985671,user,row,heavy
1789155850650,-10.160841623577475,2.9809312890201807,1.314715694372356,22.240089730085753,0.1031585948606306,8.278877415614334,user,row,heavy
1789155850667,-10.537030559429526,3.179649880682677,1.9563608625113964,26.097085601560906,-0.26936681269199436,7.851268299983807,user,row,heavy
1789155850684,-11.699265243309735,3.4705455285221336,3.039886751335859,15.006878417907231,6.299979513991232,3.3399934534309117,user,row,heavy
1789155850700,-12.880056159099937,3.626916678320616,3.429095035497844,8.57961832873281,8.091553501211209,-8.489255779787188,user,row,heavy
1789155850716,-14.155864615190028,4.258985770471393,3.8075279508844018,1.9373152830692397,7.2482454123153675,-15.702024335779864,user,row,heavy
1789155850734,-13.765612667194008,5.339369708008319,4.296394002367556,-6.556647350829733,5.052318676701935,-12.184146502822196,user,row,heavy
1789155850750,-14.082094445580243,5.948095480103046,3.9921801694020624,-5.649639637073883,7.446751200163448,-11.092749721572213,user,row,heavy
1789155850767,-14.644881473320721,6.527192860522866,3.404553591698408,0.08712598643417521,8.539902486256478,-9.151517751900794,user,row,heavy
1789155850784,-14.337525835198162,6.449231668964028,4.0566739766225215,-0.27860378977079037,3.1978271212819163,-3.9944564167294216,user,row,heavy
1789155850800,-14.149880280083417,6.003161972156167,4.872199209374189,-15.981554950204513,-2.2872337716552207,0.19595145718105447,user,row,heavy
1789155850817,-14.995931291741131,4.7815202828004955,5.627869108361005,-38.97359215884802,0.9228340091147101,-2.958558977910611,user,row,heavy
1789155850833,-15.729305772289633,3.6329024747319516,4.979041042980551,-66.23438660817548,6.325935940384573,-15.172165580726954,user,row,heavy
1789155850850,-15.676783557891845,3.2395050683170554,4.346074563598632,-79.56459360372257,6.8449603078665495,-24.72945974857633,user,row,heavy
1789155850867,-15.124019911515711,2.9026706761233507,2.5709227934136987,-83.33727591253579,9.595920595153089,-31.42615457880847,user,row,heavy
1789155850884,-14.293084635925291,2.816180433411151,1.184381049236655,-73.03489177605536,7.6817430047840904,-39.08634492166659,user,row,heavy
1789155850900,-13.75244397354126,2.727146132239327,0.8286924650996923,-53.017027998095344,-2.704416176630899,-45.00426329028117,user,row,heavy
1789155850917,-12.39867198780477,2.496255163507536,0.7317267133414745,-28.90447947309103,-18.650796292940083,-44.96811451409888,user,row,heavy
1789155850934,-10.404004483252763,2.150293096680194,1.725022296142578,-13.67412921837203,-36.49876190555311,-37.48843924081503,user,row,heavy
1789155850950,-9.939377385491133,1.715446220154315,2.7428566923946143,-22.964723282152626,-43.415267591201896,-33.846145243257354,user,row,heavy
1789155850967,-9.97274657112956,1.0559932273197918,3.9233471639335153,-42.64079927140332,-38.61712458606505,-31.318025854058,user,row,heavy
1789155850984,-9.774477330669761,0.8560774982945993,3.693054891747236,-63.65605849838737,-28.041481656365335,-27.81236466820455,user,row,heavy
1789155851000,-9.337085445836186,0.7679408766148611,3.170221104210615,-65.40432737872217,-25.971656007642792,-22.875947898415383,user,row,heavy
1789155851017,-8.256405009570717,0.5970548609853722,1.952021664263308,-55.82239842608385,-30.00522251444653,-16.16713118995376,user,row,heavy
1789155851034,-7.676857401165366,0.3354882291486021,1.3724755171626806,-42.54773111377273,-36.013313040483624,-10.688037107586863,user,row,heavy
1789155851050,-7.524526320537924,0.24196479073083027,1.4845537901178,-33.45350157353541,-44.12305618922822,-10.301361315652224,user,row,heavy
1789155851067,-8.237247889158128,-0.2822159042029874,1.5750842481315135,-22.356486398826526,-51.205812094369705,-13.25649303270337,user,row,heavy
1789155851084,-8.424146425297856,-0.7381615778277162,1.8510151126816867,-18.425591295626422,-48.07155781256133,-13.527954632397295,user,row,heavy
1789155851100,-8.15929020473063,-1.049557613914879,2.4374466353818773,-28.031494212251484,-40.947175319523204,-10.90662621291572,user,row,heavy
1789155851117,-7.376085233086347,-1.4200601838267408,3.18937442523092,-41.53283672009512,-33.077653338982536,-8.363337827343418,user,row,heavy
1789155851134,-7.04808077468872,-1.4689916802561842,3.155258220617473,-48.72452731230913,-28.490062867842383,-3.257827985262951,user,row,heavy
1789155851150,-6.762271782463789,-1.1777970129375346,2.415449030846357,-39.840151919225875,-30.867906142470407,-1.6739978301869083,user,row,heavy
1789155851167,-7.08040191257894,-1.1791437696376814,1.7328025747552513,-25.871535679694162,-33.08225347138854,0.23723850997075352,user,row,heavy
1789155851184,-6.907269451463222,-1.181088912356086,1.8391940342456101,-16.171270284590786,-33.788836541026356,2.8052637062827257,user,row,heavy
1789155851200,-6.6495946668326855,-1.4781197384823113,2.5377035376399752,-13.957350696269424,-33.14506047590139,3.2896067210369044,user,row,heavy
1789155851216,-7.25293348519206,-1.6716010870784521,3.2410005675718185,-18.395461623650203,-28.669961512844058,2.3906656741342514,user,row,heavy
1789155851234,-7.133521508347988,-1.624016146419756,3.642177229686081,-24.81733525489042,-26.318352994818056,2.781443208108895,user,row,heavy
1789155851250,-6.900986425670981,-1.4173665790949015,4.180574497057497,-31.05558266538943,-26.961661191984877,4.417274154657183,user,row,heavy
1789155851267,-7.195474983435869,-0.8346778961848467,3.7774513770505784,-27.143941865459592,-26.501414017405445,7.844011223990669,user,row,heavy
1789155851284,-7.160157586339116,-0.5416874680232256,3.5836698033988474,-19.71179617106257,-30.850424273289757,10.431909282579616,user,row,heavy
1789155851300,-7.421725286754965,-0.3974368910640478,3.7983994725331662,-19.36482085367863,-35.148395940601155,11.8224931089119,user,row,heavy
1789155851317,-6.755390206256508,-0.2509416404506191,4.66106055046916,-32.06682973805025,-31.294208984422166,15.049725902118013,user,row,heavy
1789155851333,-6.607398031616211,-0.37364440246839076,4.931307816424965,-46.32150966794774,-25.940983335627557,17.512326701704016,user,row,heavy
1789155851350,-6.006899989640712,-0.4854236559443176,4.6496869235396385,-57.04465053277388,-21.494294544422893,22.317929980961804,user,row,heavy
1789155851367,-5.171922160661221,-0.56562944809217,4.010585302403569,-56.61300306779658,-20.66824975865426,23.54757576742837,user,row,heavy
1789155851384,-5.1188013958483936,-0.8309369195582345,3.5060073025256395,-47.58614651353228,-21.977014748918958,24.359118354041776,user,row,heavy
1789155851400,-4.332007459801435,-1.059283939428255,3.1236832249194384,-31.960053390755444,-18.44658729713504,28.197781997784613,user,row,heavy
1789155851417,-4.125357929009199,-2.0072382323116065,3.0925591878592966,-23.651949595682627,-14.460273746556743,25.81744058146766,user,row,heavy
1789155851434,-3.9240953519523143,-2.4929618575831873,3.455580599102378,-20.364726397222647,-8.164931077238302,20.36495520855984,user,row,heavy
1789155851450,-2.939780947986245,-3.1693237169794735,3.7804444213867185,-12.774675266951391,1.05715981770506,14.229997333784349,user,row,heavy
1789155851467,-1.7862246606022119,-3.7744583327144383,3.680636139678955,-4.085003380782634,11.720334823269665,14.300940801145979,user,row,heavy
1789155851484,-1.767667844170332,-3.74078950654231,3.606264497044682,8.116499059607388,17.99861226494683,9.682298582491656,user,row,heavy
1789155851501,-2.9366362202197314,-3.645171223870292,3.5010704306453464,30.9553257336574,19.24468294881998,-6.404038726656846,user,row,heavy
1789155851517,-3.5603275062561033,-3.316717122009024,3.5956425652652975,49.212448705858165,17.18940048038769,-15.389314369914585,user,row,heavy
1789155851534,-3.732260528454184,-3.1616923818508162,3.7847827428519722,63.168253218054225,15.466515998103239,-24.08547194758709,user,row,heavy
1789155851550,-5.3273962154895065,-3.0107079300593584,4.551525239995121,63.57163053005684,24.568719784196542,-37.907177648261005,user,row,heavy
1789155851566,-6.171052440965175,-2.7118817449489607,5.8542708028495305,53.01584979046352,27.789372543910993,-45.78652827101732,user,row,heavy
1789155851584,-6.326525326749682,-2.625839976656623,6.413765218785405,37.99183101283414,26.24363584793999,-50.974548719262245,user,row,heavy
1789155851600,-7.000044765794277,-2.182762995391339,6.731744834513962,31.042195494616205,16.577289172254904,-52.82487428617538,user,row,heavy
1789155851617,-7.350496033799648,-1.2695248457759618,5.414035803544521,42.34857645795349,9.82883089962417,-42.418947896972135,user,row,heavy
1789155851633,-7.79581754258871,-0.5150517188256606,5.119549876128136,59.196914857231185,0.045532315513659466,-29.184606021520764,user,row,heavy
1789155851650,-8.940248858752847,-0.5642828192561865,5.294177544237673,61.24578036293825,-11.425522514350758,-28.293776891474558,user,row,heavy
1789155851667,-10.212467765918374,-1.5257043503474443,6.768707368469238,34.49231187459182,-9.223667601424578,-39.3576161298374,user,row,heavy
1789155851684,-10.250023881852627,-1.8803453251276163,7.425913678355514,-7.297182863944863,3.892661411773667,-44.93513494569147,user,row,heavy
1789155851699,-8.627804957580565,-1.2074253132808952,6.959645535388589,-26.629396394525852,6.361243749525308,-38.55404778907999,user,row,heavy
1789155851717,-8.07683930053711,-0.45729178643748164,3.415627651159465,2.765426841392038,-2.5969943764595236,-20.954914505666984,user,row,heavy
1789155851734,-8.057834740337729,-0.26949644758850333,2.1199150556817647,34.773483441964565,-9.07388582179443,-10.488779998930081,user,row,heavy
1789155851750,-8.9264792765975,-0.9632164516840129,2.9159862309008835,40.52186968519026,-12.946763590637154,-14.599846954698661,user,row,heavy
1789155851767,-9.394846145409344,-1.4888932806268333,4.855440382274985,21.326603155015324,-1.7283949508407708,-17.092705492307818,user,row,heavy
1789155851784,-9.071030955395102,-1.2597983284663408,5.4671583219230175,-0.9765072364382571,8.435256304209068,-12.349120330713747,user,row,heavy
1789155851800,-8.617780407172441,-0.6450871983516961,4.578462346759438,-2.2735196055754816,11.674727942634197,-4.235915556720419,user,row,heavy
1789155851817,-9.246106367272137,-0.07736191049143672,3.1519659010738135,16.58297188964435,5.110457673803907,-1.7377010835849132,user,row,heavy
1789155851834,-9.924713484844565,-0.16789273383133113,3.082533468407392,32.06204860563125,-4.603221785942549,-5.5138862122252945,user,row,heavy
1789155851850,-10.260052523913979,-0.21697394092977046,4.048145509991049,28.792717087702112,-2.527743728794999,-6.974643402090289,user,row,heavy
1789155851866,-9.727192432403564,-0.4324520172785967,5.243600034166872,2.484545343615607,15.846233534820927,0.4220456864277124,user,row,heavy
1789155851884,-9.519045941051841,-0.36661132549382747,5.469702161186933,-13.857999618376066,27.733131058737815,6.6209706573383285,user,row,heavy
1789155851900,-9.936085358208418,-0.6672332714471966,4.742313769310712,-19.682890810495074,27.058144444200476,4.1166066660722835,user,row,heavy
1789155851917,-9.925012175530195,-0.48542350981384513,3.5369828710258004,-6.753454129121773,17.744556548579034,1.6769728044572718,user,row,heavy
1789155851934,-9.606136195483803,-0.13422427298538386,3.0572452978938816,4.701700307169439,19.089644484849863,6.457336827184571,user,row,heavy
1789155851950,-9.00115077896118,0.06509301522262394,3.0042735861629244,12.582917706003283,23.42201981501061,13.859495429804298,user,row,heavy
1789155851967,-9.304315395134687,-0.2392697246942669,3.8874341390311717,13.07306744876903,24.04272008602469,18.304348607669525,user,row,heavy
1789155851984,-9.57710650035441,-0.36616263187825676,4.497657456207275,11.015992055679611,19.372610684427027,15.22178178240522,user,row,heavy
1789155852000,-9.920373994335531,-0.5478226828426123,4.754434999737144,3.7256778007188416,22.390768825818114,11.014414281981336,user,row,heavy
1789155852017,-9.782407539147139,-0.23388280749153345,4.89060463463664,-4.2595066032268205,28.113664803061322,10.66763874763062,user,row,heavy
1789155852034,-9.573813304027915,-0.1523303499750793,4.601056455883383,1.2490949635715884,25.073494669522578,9.741688784872208,user,row,heavy
1789155852050,-9.745599611231684,-0.03202186268270016,4.135085834558308,8.685863628819652,21.152501633071697,7.970100784937335,user,row,heavy
1789155852067,-9.273940715137124,0.1491892024051398,3.9888890189021824,12.953485350554093,19.9236601013799,8.457993150182393,user,row,heavy
1789155852083,-9.420583813256025,0.1105829198308289,4.069542226023972,3.643589599065866,27.142519478564935,6.321940706606939,user,row,heavy
1789155852100,-9.089436380657553,0.5267250228215009,4.336196728184819,-6.886927551448047,33.907821851462565,10.760768376963744,user,row,heavy
1789155852117,-8.756341321122646,0.7098814132908359,3.961205477684736,-6.07571793655668,26.594854420345804,14.136238473273936,user,row,heavy
1789155852134,-9.253738469585775,0.5030822448948398,3.586213934923708,-0.3574947692011119,22.055418490401536,10.24732171271273,user,row,heavy
1789155852150,-9.928753700146078,0.0035920696752145885,3.2821503240838643,-1.1139756790987534,21.65984466952566,4.253822178290077,user,row,heavy
1789155852167,-10.056096469989418,-0.05476681498680264,3.6858734558105466,-14.974226698579985,32.357385985342596,-1.9942026480058066,user,row,heavy
1789155852184,-9.937881593975424,0.1954272950321436,3.4914936240047214,-20.501885133492966,39.560752785942746,-4.462562577722599,user,row,heavy
1789155852200,-8.583959970635176,0.9509475564152001,3.5178295500054952,-18.245246980781403,30.57155789476189,5.453742981488747,user,row,heavy
1789155852217,-8.468438571488857,1.2137114078130573,3.206732095006108,-9.445608622088619,20.52193173870695,11.78842327155823,user,row,heavy
1789155852234,-8.946083556255697,1.0021236899662762,2.902969220678508,-3.8552691142756093,21.452309371594822,11.744398433489266,user,row,heavy
1789155852250,-9.476249001854658,0.8114854193089529,2.9134435606807467,-7.024499087276328,29.398285074610026,13.193346226279308,user,row,heavy
1789155852267,-9.731080672013759,0.6801036397404968,3.1184456165269014,-14.343544106093931,40.48533500331987,9.112328687764201,user,row,heavy
1789155852283,-11.048045314356685,0.24630397071260957,3.160196846063435,-19.575810519782202,49.3671183396131,-1.6780951966369755,user,row,heavy
1789155852300,-10.92369471206665,0.12180570358019321,2.90491421726644,-17.740620652069815,52.324255570959295,-1.7892859805697285,user,row,heavy
1789155852317,-10.585514312091469,0.09696586135607212,2.953695783831179,-16.242387921776253,52.56522464487734,3.915661646916862,user,row,heavy
1789155852334,-10.829423606219887,-0.4649234868923202,3.304596549169719,-12.89814032770948,42.07275292870087,1.505562803933455,user,row,heavy
1789155852350,-11.29344981547892,-1.0084071906825527,3.1661814734309908,-14.665741204716358,33.372813133775466,-5.37994278750676,user,row,heavy
1789155852367,-11.354650426372885,-1.0956459867397323,3.358914707073569,-17.936621468039792,23.759209178861216,-15.409164607189934,user,row,heavy
1789155852384,-10.832565411376953,-0.9976331736139953,3.083132603344321,-24.988072908667814,23.80520196518479,-17.392962315768873,user,row,heavy
1789155852400,-9.892691037639976,-0.15816632611956447,2.547578888835758,-26.691061049900018,30.575727725250186,-14.561664489690997,user,row,heavy
1789155852417,-9.840915257695316,0.07167706978805363,2.1498424303032455,-19.82105699966797,28.968027553128827,-11.12598883716808,user,row,heavy
1789155852434,-9.498994502148031,0.24211437353566287,1.6374837134212255,3.8324315230120254,10.40668539397476,-6.599695044960562,user,row,heavy
1789155852450,-9.233388924518227,0.26530827518366273,1.4936816839471458,13.015980727686063,6.27724053358379,-1.193313982558858,user,row,heavy
1789155852466,-9.294439897808433,0.2741368207402527,1.944839351543784,10.799554459939307,10.612380809697925,3.9600681218057,user,row,heavy
1789155852484,-9.43599824000895,-0.02872968926951289,2.482786683190614,0.6435936777297864,17.492869200305943,6.707821208390095,user,row,heavy
1789155852500,-9.53790144816935,-0.3498520600032061,2.835632737378031,-3.0399389743240204,11.716351115436256,6.285823946936381,user,row,heavy
1789155852517,-9.656265377265214,-0.6253350711880251,2.8303948367245493,-8.399149362935441,5.826221371459869,5.210113122002155,user,row,heavy
1789155852533,-10.032901472362875,-0.9793773128900677,2.9083557360224424,-21.36042112914335,5.535572062840085,-0.3127292824940252,user,row,heavy
1789155852550,-10.263492435234784,-1.1962022738032043,2.573915545488894,-31.278161454967222,10.055360099863167,-4.242084925088234,user,row,heavy
1789155852567,-10.27291843522787,-1.2216405933771282,2.1598682958856226,-36.41085054074588,13.10289403110083,-9.692321885098648,user,row,heavy
1789155852584,-10.314218998387455,-1.0495574951838702,1.564909037206322,-39.47400938348359,15.649889501845156,-15.050876788993161,user,row,heavy
1789155852600,-9.810688461735843,-0.7915820471063256,1.5436603513419627,-41.81380679688735,18.01645101151161,-15.552861542043248,user,row,heavy
1789155852617,-9.678559042137861,-0.8174695717524737,1.595734529711306,-41.404384767469274,17.764869531170653,-17.355302360232717,user,row,heavy
1789155852634,-9.304167511096596,-1.0242687401484698,1.6641190607599914,-34.30545838946778,15.943136843670484,-16.07054548490061,user,row,heavy
1789155852650,-9.162610337939858,-1.1026788445185869,1.8213887668333946,-30.48190141662172,15.795509134949828,-15.31532463818313,user,row,heavy
1789155852667,-9.287407514953612,-1.0998357300471513,1.8498196192868053,-28.28354526809788,17.902419295770954,-14.87216147426519,user,row,heavy
1789155852684,-9.09676862324178,-0.7535742418818175,1.7296600389458239,-16.97939948416648,7.420617188851687,-12.660905659720134,user,row,heavy
1789155852699,-8.73494372830689,-0.3910021087761968,0.9530411676935852,-5.106383039077171,-1.9108649486215423,-10.572191122847922,user,row,heavy
1789155852716,-8.289174475750327,-0.21966734473221003,0.9148841632567346,-0.26145697338544355,-1.5324137716646562,-2.310589816965491,user,row,heavy
1789155852733,-7.952041539001464,-0.0383065689753741,0.8488938338682055,-3.051415613120346,9.320257575345959,3.925784841040467,user,row,heavy
1789155852750,-8.498816174095868,0.010475362915545702,0.9262553059682249,1.4532433414477457,15.810216239780157,11.542259838776385,user,row,heavy
1789155852767,-8.420257016643882,-0.11522037037312984,0.8204621046319603,14.54584747912054,9.944144983381495,18.052068740485932,user,row,heavy
1789155852784,-8.896402702763677,-0.6465832821283489,0.8725361368708312,30.274212439434557,-3.027808985244901,18.98167968463947,user,row,heavy
1789155852800,-9.929801163372398,-1.4583673555903136,1.2735644765555858,35.29779949850601,-7.094053038028684,13.733235114128382,user,row,heavy
1789155852817,-10.159196194458007,-1.6422720436763016,1.6041154045656323,23.787612520524714,-0.9406943134640587,8.869355807098398,user,row,heavy
1789155852834,-10.398466138347983,-1.7869714603815228,2.2088006690979003,9.076671685202149,7.066701118610545,4.943169265557369,user,row,heavy
1789155852850,-10.582370168846845,-1.6181803164057433,1.8897727133601903,-0.22487858897652785,11.388415804137372,-1.3824924000433456,user,row,heavy
1789155852867,-10.722581188091635,-1.6716010140132158,1.613241983220726,-1.0116350060613384,9.132943906226592,-6.774833901884382,user,row,heavy
1789155852883,-10.477624430736899,-1.5304927536677568,1.3717273291438816,-3.5473556487549716,10.148003931991573,-9.159049743008026,user,row,heavy
1789155852900,-10.233266808319092,-1.3118722145747392,1.4850038719728589,-9.91639221723644,11.915729459950805,-11.7377629047106,user,row,heavy
1789155852917,-10.009259315490722,-1.1306612225521355,1.51328450230062,-12.496455195073738,11.078113479954522,-10.71687331248901,user,row,heavy
1789155852934,-9.49241161662638,-0.8336303598932921,1.4516338095515966,-12.144841325469713,10.18124560890838,-7.547953259321881,user,row,heavy
1789155852950,-9.439737426537274,-0.7873923403315246,1.2505204317070544,-8.73072345751465,7.006290229835897,-4.286423098085372,user,row,heavy
1789155852967,-9.558549099400638,-0.8839083755608648,1.2184976922415196,-7.309247539340044,3.6414449196664824,-2.7782716524564814,user,row,heavy
1789155852984,-9.53236193422079,-0.9205695154167711,1.2294218218378723,-5.7178015098960255,0.4090534126463052,0.21969889100706488,user,row,heavy
1789155852999,-9.657311086925864,-1.018732002678886,0.9702490537345408,2.8930595982043044,-6.096225579539643,1.741222472988878,user,row,heavy
1789155853017,-9.93369174107015,-1.0619774893611669,0.9949402812682092,6.89019067432402,-6.350146826558153,-2.8864934385343948,user,row,heavy
1789155853034,-10.191966245159506,-1.3019961327265948,1.5779280932553112,-0.6466874332586847,-1.661802207258733,-6.344722375696693,user,row,heavy
1789155853050,-9.348757178929448,-1.193658361474052,2.1802200329102575,-15.27798399399067,5.979040023949734,-5.30484485758247,user,row,heavy
1789155853067,-9.312993791630863,-1.1330551319513469,1.8950095911003648,-14.610416672439255,5.037083512871399,-5.939826200377399,user,row,heavy
1789155853084,-9.319280909076333,-0.9671071755122392,1.0067613597042857,-5.025806443664885,0.9031418266856229,-5.836645947680601,user,row,heavy
1789155853100,-8.84777223510742,-0.7817063305843621,0.8265982692994177,3.0912569603226765,-0.27902293927024696,-1.7383572086320573,user,row,heavy
1789155853117,-8.943391248431801,-0.8687954890377819,1.02815939091146,6.103404108357327,-0.013526862815986298,0.9810386400657374,user,row,heavy
1789155853134,-9.246704917687177,-1.1504130939874797,1.297357732336223,5.5301587110360275,2.1068512504395343,2.0477216624644994,user,row,heavy
1789155853150,-9.703099024632573,-1.3183064854059368,1.2802980225943028,3.2571577729506433,6.326942966400327,0.14437749917108156,user,row,heavy
1789155853167,-9.66643839623332,-1.327733654442802,1.3839973203912377,1.9895796771547658,6.017586623417524,-0.5038616143288126,user,row,heavy
1789155853184,-9.523386600604653,-1.3663405215390025,1.4725832202084361,0.9388472809020992,3.5305743008510735,-1.211461688461876,user,row,heavy
1789155853200,-9.73616951958537,-1.4748274189386517,1.3965674636289476,0.9159519531956876,1.6814953501831724,-2.873675307896397,user,row,heavy
1789155853217,-9.739911044201254,-1.482159588457644,1.3106754790708421,-0.04313924801417575,2.241675983004413,-3.9683407615510546,user,row,heavy
1789155853234,-9.692028180041909,-1.3425480694759637,1.3148653319761157,-0.8381466003174278,2.2657455696395377,-4.122978805681082,user,row,heavy
1789155853250,-9.65297159641683,-1.2871820830196141,1.3620007387690245,-2.416851552195022,3.0935043060030223,-3.8040089714414864,user,row,heavy
1789155853267,-9.688884036797285,-1.2838898365411906,1.3301279291681944,-3.1712459460229305,2.365934626366693,-4.331978325415241,user,row,heavy
1789155853284,-9.676762221848964,-1.2150564657464622,1.221041677635908,-5.320366035584501,3.673806782840826,-3.954032795900347,user,row,heavy
1789155853300,-9.623191959702968,-1.125423321898654,0.9998775915399193,-4.879592584102421,4.607396739072719,-3.088490947152233,user,row,heavy
1789155853317,-9.617958150702714,-1.1257232546932994,0.8915412815921008,-2.4135747689407085,3.7024359476337576,-2.637293346336245,user,row,heavy
1789155853334,-9.573662497380376,-1.0931018186822532,0.7983161776669323,1.1157809834737524,3.403480275209592,-1.5917235058790502,user,row,heavy
1789155853350,-9.4934590798527,-1.0884634182918815,0.7209530981317163,4.8399655340853,2.6967746890535356,-0.13819371003277384,user,row,heavy
1789155853367,-9.516801376995444,-1.1020801479730755,0.730829618371278,8.114760776463621,2.8674137319747874,1.1381886997064485,user,row,heavy
1789155853384,-9.680653968590498,-1.0960945707574485,0.8699927359983325,9.273681661621996,4.512527545935358,1.0664916703802958,user,row,heavy
1789155853400,-9.558699321526289,-1.160588451043144,1.2249324014641343,8.257500631059486,4.3490409917355795,1.351024758041745,user,row,heavy
1789155853416,-9.664641575944422,-1.1745046751275658,1.2885289675839244,6.762175853805057,3.8681824406751644,0.4316009343135751,user,row,heavy
1789155853434,-9.54433294252157,-1.2045818334832787,1.3316243052057921,5.686368979335627,1.9654334643348899,0.23957937054579026,user,row,heavy
1789155853450,-9.451558797234297,-1.0919047178521752,1.2556088408872483,4.947463320111192,2.126879712963539,1.1221221737878746,user,row,heavy
1789155853467,-9.422978599438071,-1.1124050695672631,1.1795924997858702,4.322936435614613,3.5108826520305154,2.2331297088054343,user,row,heavy
1789155853484,-9.510663897153735,-1.236305005480349,1.04342176890783,5.310905369810387,4.201517016512943,1.4428482204178095,user,row,heavy
1789155853500,-9.740209150364995,-1.3142661239739506,0.9356836440488695,6.823043511480448,4.063656905192229,-0.33713781726671205,user,row,heavy
1789155853517,-9.60957552228272,-1.3295290864922105,1.1007331172782928,7.039684305348559,2.3410383733985847,-1.304694304241079,user,row,heavy
1789155853533,-9.425373970142006,-1.2243342894405125,1.3242922818172722,6.102087589394807,1.0019388054825649,-0.6596653262902379,user,row,heavy
1789155853550,-9.445275771442056,-1.1574463536251336,1.2886783129267394,2.6619785037703174,1.1847599176753574,0.3092839856662827,user,row,heavy
1789155853567,-9.622893853539228,-1.2397466703668236,1.1652274359554051,0.3041904254535986,2.2603825904806083,-1.3218500318888584,user,row,heavy
1789155853584,-9.70399685025513,-1.3229453241877258,0.8686457053035497,-1.1886694539232492,3.2812995034588766,-2.5168764709386857,user,row,heavy
1789155853600,-9.715669167870283,-1.2942148312006145,0.7182595481988042,-1.2853948576892675,4.443647649476718,-3.4932874443983275,user,row,heavy
1789155853617,-9.720009242901206,-1.2282247210077941,0.6500257507324219,0.11179644295327615,4.878572324595151,-3.8114581465050317,user,row,heavy
1789155853634,-9.260920490044354,-0.9479533430352807,0.8514376000668853,2.7516268710608505,1.8940268247701684,-1.247710783047603,user,row,heavy
1789155853650,-9.515753329247236,-1.026363520470634,0.8614626619316637,5.475389985402634,0.7086541644210668,0.7351245625494512,user,row,heavy
1789155853667,-9.735570384648442,-1.1590922211360186,0.8749300462700426,4.890902096707493,1.7173059252798435,-0.5051250392427062,user,row,heavy
1789155853684,-9.86470822121501,-1.3992605021052062,0.9720445588491856,2.4084600244694268,3.1083599674478,-3.2139312132409255,user,row,heavy
1789155853700,-9.754425891765951,-1.3332703919123858,0.9430152290459721,1.5535373056116841,4.361678122360572,-4.813430249159801,user,row,heavy
1789155853719,-9.451111053466796,-0.9967354210566729,1.210268500817567,3.665262643075963,0.8214964667507879,-3.6688237329544786,user,row,heavy
1789155853734,-9.332000105395913,-0.8934855475276708,1.3471866890620439,3.5830608895280367,-0.6878570388111713,-1.8116837716837872,user,row,heavy
1789155853750,-9.561092938664554,-0.9684536947503686,1.3043897498648613,0.31248414273584524,0.08114364785574318,-0.7877756093750234,user,row,heavy
1789155853767,-9.80021441399455,-1.066466325213015,1.0838241411186753,-0.4398504421292018,2.0989965328940197,-2.2188821476401994,user,row,heavy
1789155853784,-9.498096092003584,-1.003319256426394,0.884656709710136,0.45424946807536715,3.7346667565534015,-0.8125719174656671,user,row,heavy
1789155853800,-9.534310145679116,-0.9178764769405126,0.8002612473201006,4.039606101577322,4.199156759267881,0.8401035028754894,user,row,heavy
1789155853817,-9.47475262581706,-0.8872003297783434,0.858170342388004,7.1041792203600505,1.206012584886381,2.068869635682151,user,row,heavy
1789155853834,-9.634116673821211,-0.9201209679316729,1.0990876150935887,9.951091285767399,-2.6576917062924883,1.8743338952891406,user,row,heavy
